Tipo;Produto;Un. Med.;Operação;Qtd.;Data e Hora;Observações
Insumo;MUSSARELA;kg;Saída;-0,18;15/10/2023 21:19;77
Insumo;REQUEIJÃO CREMOSO;kg;Saída;-0,02;15/10/2023 21:19;77
Insumo;BACON;kg;Saída;-0,04;15/10/2023 21:19;77
Insumo;ORÉGANO;kg;Saída;-0,001;15/10/2023 21:19;77
Insumo;MOLHO TOMATE;kg;Saída;-0,04;15/10/2023 21:19;77
Insumo;MASSA PIZZA;kg;Saída;-0,26;15/10/2023 21:19;77
Insumo;REQUEIJÃO CREMOSO;kg;Saída;-0,05;15/10/2023 21:11;76
Insumo;MUSSARELA;kg;Saída;-0,18;15/10/2023 21:11;76
Insumo;PEPPERONI;kg;Saída;-0,05;15/10/2023 21:11;76
Insumo;ORÉGANO;kg;Saída;-0,001;15/10/2023 21:11;76
Insumo;MOLHO TOMATE;kg;Saída;-0,04;15/10/2023 21:11;76
Insumo;MASSA PIZZA;kg;Saída;-0,26;15/10/2023 21:11;76
Insumo;MUSSARELA;kg;Saída;-0,18;15/10/2023 21:11;76
Insumo;PEPPERONI;kg;Saída;-0,05;15/10/2023 21:11;76
Insumo;ORÉGANO;kg;Saída;-0,001;15/10/2023 21:11;76
Insumo;MOLHO TOMATE;kg;Saída;-0,04;15/10/2023 21:11;76
Insumo;MASSA PIZZA;kg;Saída;-0,26;15/10/2023 21:11;76
Insumo;MUSSARELA;kg;Saída;-0,18;15/10/2023 21:11;76
Insumo;CREAME CHEESE;kg;Saída;-0,08;15/10/2023 21:11;76
Insumo;ORÉGANO;kg;Saída;-0,001;15/10/2023 21:11;76
Insumo;MOLHO TOMATE;kg;Saída;-0,04;15/10/2023 21:11;76
Insumo;MASSA PIZZA;kg;Saída;-0,26;15/10/2023 21:11;76
Insumo;ALHO PORÓ;kg;Saída;-0,03;15/10/2023 21:11;76
Insumo;PIMENTA BIQUINHO;kg;Saída;-0,006;15/10/2023 21:11;76
Insumo;MUSSARELA;kg;Saída;-0,155;15/10/2023 19:15;75
Insumo;AZEITONA PRETA;kg;Saída;-0,0075;15/10/2023 19:15;75
Insumo;PRESUNTO;kg;Saída;-0,025;15/10/2023 19:15;75
Insumo;LINGUIÇA CALABRESA;kg;Saída;-0,03;15/10/2023 19:15;75
Insumo;CEBOLA ROXA;kg;Saída;-0,005;15/10/2023 19:15;75
Insumo;ORÉGANO;kg;Saída;-0,0005;15/10/2023 19:15;75
Insumo;CEBOLA;kg;Saída;-0,0075;15/10/2023 19:15;75
Insumo;PIMENTÃO;kg;Saída;-0,0075;15/10/2023 19:15;75
Insumo;MOLHO TOMATE;kg;Saída;-0,045;15/10/2023 19:15;75
Insumo;MASSA PIZZA;kg;Saída;-0,22;15/10/2023 19:15;75
Insumo;MUSSARELA;kg;Saída;-0,155;15/10/2023 19:15;75
Insumo;LINGUIÇA CALABRESA;kg;Saída;-0,115;15/10/2023 19:15;75
Insumo;CEBOLA ROXA;kg;Saída;-0,0015;15/10/2023 19:15;75
Insumo;ORÉGANO;kg;Saída;-0,0005;15/10/2023 19:15;75
Insumo;CEBOLA;kg;Saída;-0,005;15/10/2023 19:15;75
Insumo;MOLHO TOMATE;kg;Saída;-0,045;15/10/2023 19:15;75
Insumo;MASSA PIZZA;kg;Saída;-0,22;15/10/2023 19:15;75
Insumo;MASSA PIZZA;kg;Saída;-0,02;15/10/2023 19:04;73
Insumo;DOCE DE LEITE;kg;Saída;-0,02;15/10/2023 19:04;73
Insumo;CHOCOLATE BRANCO;kg;Saída;-0,06;15/10/2023 19:04;73
Insumo;MASSA PIZZA;kg;Saída;-0,1;15/10/2023 19:04;73
Insumo;CHOCOLATE AO LEITE;kg;Saída;-0,06;15/10/2023 19:04;73
Insumo;MASSA PIZZA;kg;Saída;-0,1;15/10/2023 19:04;73
Insumo;MUSSARELA;kg;Saída;-0,155;15/10/2023 19:00;73
Insumo;CREAME CHEESE;kg;Saída;-0,03;15/10/2023 19:00;73
Insumo;PEITO DE PERU;kg;Saída;-0,06;15/10/2023 19:00;73
Insumo;ORÉGANO;kg;Saída;-0,0005;15/10/2023 19:00;73
Insumo;MOLHO TOMATE;kg;Saída;-0,045;15/10/2023 19:00;73
Insumo;MASSA PIZZA;kg;Saída;-0,22;15/10/2023 19:00;73
Insumo;MUSSARELA;kg;Saída;-0,155;15/10/2023 19:00;73
Insumo;GORGONZOLA;kg;Saída;-0,01;15/10/2023 19:00;73
Insumo;ORÉGANO;kg;Saída;-0,0005;15/10/2023 19:00;73
Insumo;MOLHO TOMATE;kg;Saída;-0,045;15/10/2023 19:00;73
Insumo;MASSA PIZZA;kg;Saída;-0,22;15/10/2023 19:00;73
Insumo;MISTURA 4 QUEIJOS;kg;Saída;-0,05;15/10/2023 19:00;73
Insumo;MUSSARELA;kg;Saída;-0,31;15/10/2023 19:00;73
Insumo;AZEITONA PRETA;kg;Saída;-0,015;15/10/2023 19:00;73
Insumo;PRESUNTO;kg;Saída;-0,05;15/10/2023 19:00;73
Insumo;LINGUIÇA CALABRESA;kg;Saída;-0,06;15/10/2023 19:00;73
Insumo;CEBOLA ROXA;kg;Saída;-0,01;15/10/2023 19:00;73
Insumo;ORÉGANO;kg;Saída;-0,001;15/10/2023 19:00;73
Insumo;CEBOLA;kg;Saída;-0,015;15/10/2023 19:00;73
Insumo;PIMENTÃO;kg;Saída;-0,015;15/10/2023 19:00;73
Insumo;MOLHO TOMATE;kg;Saída;-0,09;15/10/2023 19:00;73
Insumo;MASSA PIZZA;kg;Saída;-0,44;15/10/2023 19:00;73
Insumo;MUSSARELA;kg;Saída;-0,31;15/10/2023 19:00;73
Insumo;TOMATE SALADA;kg;Saída;-0,03;15/10/2023 19:00;73
Insumo;ORÉGANO;kg;Saída;-0,001;15/10/2023 19:00;73
Insumo;MOLHO TOMATE;kg;Saída;-0,09;15/10/2023 19:00;73
Insumo;MASSA PIZZA;kg;Saída;-0,44;15/10/2023 19:00;73
Insumo;MANJERICÃO FRESCO;kg;Saída;-0,001;15/10/2023 19:00;73
Insumo;SAL;kg;Saída;-0,05;15/10/2023 18:48;69
Insumo;ALHO;kg;Saída;-0,024;15/10/2023 18:48;69
Insumo;CEBOLA;kg;Saída;-0,276;15/10/2023 18:48;69
Insumo;FRANGO DESFIADO;kg;Saída;-1,477;15/10/2023 18:48;69
Insumo;PÁPRICA DEFUMADA;kg;Saída;-0,014;15/10/2023 18:48;69
Insumo;PIMENTA DO REINO;kg;Saída;-0,005;15/10/2023 18:48;69
Insumo;CURRY;kg;Saída;-0,006;15/10/2023 18:48;69
Insumo;MOSTARDA PÓ;kg;Saída;-0,014;15/10/2023 18:48;69
Insumo;ÓLEO;l;Saída;-1,12;15/10/2023 18:40;69
Insumo;FARINHA;kg;Saída;-17,36;15/10/2023 18:40;69
Insumo;SAL;kg;Saída;-0,196;15/10/2023 18:40;69
Insumo;AÇÚCAR;kg;Saída;-0,7;15/10/2023 18:40;69
Insumo;FERMENTO ;kg;Saída;-0,028;15/10/2023 18:40;69
Insumo;ÓLEO;l;Saída;-1,16;15/10/2023 18:39;69
Insumo;FARINHA;kg;Saída;-17,98;15/10/2023 18:39;69
Insumo;SAL;kg;Saída;-0,203;15/10/2023 18:39;69
Insumo;AÇÚCAR;kg;Saída;-0,725;15/10/2023 18:39;69
Insumo;FERMENTO ;kg;Saída;-0,029;15/10/2023 18:39;69
Insumo;ÓLEO;l;Saída;-1,2;15/10/2023 18:36;69
Insumo;FARINHA;kg;Saída;-18,6;15/10/2023 18:36;69
Insumo;SAL;kg;Saída;-0,21;15/10/2023 18:36;69
Insumo;AÇÚCAR;kg;Saída;-0,75;15/10/2023 18:36;69
Insumo;FERMENTO ;kg;Saída;-0,03;15/10/2023 18:36;69
Insumo;ÓLEO;l;Saída;-0,8;15/10/2023 18:28;69
Insumo;FARINHA;kg;Saída;-12,4;15/10/2023 18:28;69
Insumo;SAL;kg;Saída;-0,14;15/10/2023 18:28;69
Insumo;AÇÚCAR;kg;Saída;-0,5;15/10/2023 18:28;69
Insumo;FERMENTO ;kg;Saída;-0,02;15/10/2023 18:28;69
Insumo;MUSSARELA;kg;Saída;-0,18;15/10/2023 18:24;68
Insumo;ORÉGANO;kg;Saída;-0,001;15/10/2023 18:24;68
Insumo;MOLHO TOMATE;kg;Saída;-0,04;15/10/2023 18:24;68
Insumo;MASSA PIZZA;kg;Saída;-0,26;15/10/2023 18:24;68
Insumo;MUSSARELA;kg;Saída;-0,11;14/10/2023 21:05;67
Insumo;LINGUIÇA CALABRESA;kg;Saída;-0,16;14/10/2023 21:05;67
Insumo;ORÉGANO;kg;Saída;-0,001;14/10/2023 21:05;67
Insumo;MOLHO TOMATE;kg;Saída;-0,02;14/10/2023 21:05;67
Insumo;MASSA PIZZA;kg;Saída;-0,17;14/10/2023 21:05;67
Insumo;MUSSARELA;kg;Saída;-0,18;14/10/2023 21:05;67
Insumo;TOMATE SALADA;kg;Saída;-0,015;14/10/2023 21:05;67
Insumo;ORÉGANO;kg;Saída;-0,001;14/10/2023 21:05;67
Insumo;MOLHO TOMATE;kg;Saída;-0,04;14/10/2023 21:05;67
Insumo;MASSA PIZZA;kg;Saída;-0,26;14/10/2023 21:05;67
Insumo;MANJERICÃO FRESCO;kg;Saída;-0,001;14/10/2023 21:05;67
Insumo;MUSSARELA;kg;Saída;-0,18;14/10/2023 19:40;65
Insumo;AZEITONA PRETA;kg;Saída;-0,01;14/10/2023 19:40;65
Insumo;PRESUNTO;kg;Saída;-0,03;14/10/2023 19:40;65
Insumo;LINGUIÇA CALABRESA;kg;Saída;-0,04;14/10/2023 19:40;65
Insumo;CEBOLA ROXA;kg;Saída;-0,005;14/10/2023 19:40;65
Insumo;ORÉGANO;kg;Saída;-0,001;14/10/2023 19:40;65
Insumo;CEBOLA;kg;Saída;-0,01;14/10/2023 19:40;65
Insumo;PIMENTÃO;kg;Saída;-0,01;14/10/2023 19:40;65
Insumo;MOLHO TOMATE;kg;Saída;-0,04;14/10/2023 19:40;65
Insumo;MASSA PIZZA;kg;Saída;-0,26;14/10/2023 19:40;65
Insumo;CREAME CHEESE;kg;Saída;-0,005;14/10/2023 18:43;64
Insumo;MASSA PIZZA;kg;Saída;-0,02;14/10/2023 18:43;64
Insumo;GOIABADA;kg;Saída;-0,005;14/10/2023 18:43;64
Insumo;MASSA PIZZA;kg;Saída;-0,02;14/10/2023 18:43;64
Insumo;DOCE DE LEITE;kg;Saída;-0,02;14/10/2023 18:43;64
Insumo;CHOCOLATE AO LEITE;kg;Saída;-0,048;14/10/2023 18:43;64
Insumo;MASSA PIZZA;kg;Saída;-0,08;14/10/2023 18:43;64
Insumo;CHOCOLATE BRANCO;kg;Saída;-0,012;14/10/2023 18:43;64
Insumo;MASSA PIZZA;kg;Saída;-0,02;14/10/2023 18:43;64
Insumo;MUSSARELA;kg;Saída;-0,09;14/10/2023 18:43;64
Insumo;LINGUIÇA CALABRESA;kg;Saída;-0,1;14/10/2023 18:43;64
Insumo;CEBOLA ROXA;kg;Saída;-0,001;14/10/2023 18:43;64
Insumo;ORÉGANO;kg;Saída;-0,0005;14/10/2023 18:43;64
Insumo;CEBOLA;kg;Saída;-0,003;14/10/2023 18:43;64
Insumo;MOLHO TOMATE;kg;Saída;-0,02;14/10/2023 18:43;64
Insumo;MASSA PIZZA;kg;Saída;-0,13;14/10/2023 18:43;64
Insumo;MUSSARELA;kg;Saída;-0,09;14/10/2023 18:43;64
Insumo;ORÉGANO;kg;Saída;-0,0005;14/10/2023 18:43;64
Insumo;MOLHO TOMATE;kg;Saída;-0,02;14/10/2023 18:43;64
Insumo;MASSA PIZZA;kg;Saída;-0,13;14/10/2023 18:43;64
Insumo;MUSSARELA;kg;Saída;-0,18;14/10/2023 18:32;64
Insumo;LINGUIÇA CALABRESA;kg;Saída;-0,2;14/10/2023 18:32;64
Insumo;CEBOLA ROXA;kg;Saída;-0,002;14/10/2023 18:32;64
Insumo;ORÉGANO;kg;Saída;-0,001;14/10/2023 18:32;64
Insumo;CEBOLA;kg;Saída;-0,006;14/10/2023 18:32;64
Insumo;MOLHO TOMATE;kg;Saída;-0,04;14/10/2023 18:32;64
Insumo;MASSA PIZZA;kg;Saída;-0,26;14/10/2023 18:32;64
Insumo;MUSSARELA;kg;Saída;-0,18;14/10/2023 18:31;64
Insumo;LINGUIÇA CALABRESA;kg;Saída;-0,2;14/10/2023 18:31;64
Insumo;CEBOLA ROXA;kg;Saída;-0,002;14/10/2023 18:31;64
Insumo;ORÉGANO;kg;Saída;-0,001;14/10/2023 18:31;64
Insumo;CEBOLA;kg;Saída;-0,006;14/10/2023 18:31;64
Insumo;MOLHO TOMATE;kg;Saída;-0,04;14/10/2023 18:31;64
Insumo;MASSA PIZZA;kg;Saída;-0,26;14/10/2023 18:31;64
Insumo;MUSSARELA;kg;Saída;-0,09;14/10/2023 18:30;63
Insumo;REQUEIJÃO CREMOSO;kg;Saída;-0,01;14/10/2023 18:30;63
Insumo;BACON;kg;Saída;-0,02;14/10/2023 18:30;63
Insumo;ORÉGANO;kg;Saída;-0,0005;14/10/2023 18:30;63
Insumo;MOLHO TOMATE;kg;Saída;-0,02;14/10/2023 18:30;63
Insumo;MASSA PIZZA;kg;Saída;-0,13;14/10/2023 18:30;63
Insumo;MUSSARELA;kg;Saída;-0,09;14/10/2023 18:30;63
Insumo;GORGONZOLA;kg;Saída;-0,005;14/10/2023 18:30;63
Insumo;ORÉGANO;kg;Saída;-0,0005;14/10/2023 18:30;63
Insumo;MOLHO TOMATE;kg;Saída;-0,03;14/10/2023 18:30;63
Insumo;MASSA PIZZA;kg;Saída;-0,13;14/10/2023 18:30;63
Insumo;MISTURA 4 QUEIJOS;kg;Saída;-0,03;14/10/2023 18:30;63
Insumo;MUSSARELA;kg;Saída;-0,055;13/10/2023 22:17;62
Insumo;LINGUIÇA CALABRESA;kg;Saída;-0,03;13/10/2023 22:17;62
Insumo;ORÉGANO;kg;Saída;-0,0005;13/10/2023 22:17;62
Insumo;MOLHO TOMATE;kg;Saída;-0,01;13/10/2023 22:17;62
Insumo;MASSA PIZZA;kg;Saída;-0,085;13/10/2023 22:17;62
Insumo;MUSSARELA;kg;Saída;-0,18;12/10/2023 18:53;61
Insumo;GORGONZOLA;kg;Saída;-0,01;12/10/2023 18:53;61
Insumo;ORÉGANO;kg;Saída;-0,001;12/10/2023 18:53;61
Insumo;MOLHO TOMATE;kg;Saída;-0,04;12/10/2023 18:53;61
Insumo;MASSA PIZZA;kg;Saída;-0,26;12/10/2023 18:53;61
Insumo;MISTURA 4 QUEIJOS;kg;Saída;-0,06;12/10/2023 18:53;61
Insumo;MUSSARELA;kg;Saída;-0,18;12/10/2023 18:53;61
Insumo;GORGONZOLA;kg;Saída;-0,01;12/10/2023 18:53;61
Insumo;ORÉGANO;kg;Saída;-0,001;12/10/2023 18:53;61
Insumo;MOLHO TOMATE;kg;Saída;-0,04;12/10/2023 18:53;61
Insumo;MASSA PIZZA;kg;Saída;-0,26;12/10/2023 18:53;61
Insumo;MISTURA 4 QUEIJOS;kg;Saída;-0,06;12/10/2023 18:53;61
Insumo;MUSSARELA;kg;Saída;-0,18;12/10/2023 18:45;60
Insumo;PEPPERONI;kg;Saída;-0,05;12/10/2023 18:45;60
Insumo;ORÉGANO;kg;Saída;-0,001;12/10/2023 18:45;60
Insumo;MOLHO TOMATE;kg;Saída;-0,04;12/10/2023 18:45;60
Insumo;MASSA PIZZA;kg;Saída;-0,26;12/10/2023 18:45;60
Insumo;MUSSARELA;kg;Saída;-0,31;12/10/2023 18:24;59
Insumo;REQUEIJÃO CREMOSO;kg;Saída;-0,03;12/10/2023 18:24;59
Insumo;BACON;kg;Saída;-0,06;12/10/2023 18:24;59
Insumo;ORÉGANO;kg;Saída;-0,001;12/10/2023 18:24;59
Insumo;MOLHO TOMATE;kg;Saída;-0,09;12/10/2023 18:24;59
Insumo;MASSA PIZZA;kg;Saída;-0,44;12/10/2023 18:24;59
Insumo;MUSSARELA;kg;Saída;-0,31;12/10/2023 18:24;59
Insumo;CREAME CHEESE;kg;Saída;-0,12;12/10/2023 18:24;59
Insumo;ORÉGANO;kg;Saída;-0,001;12/10/2023 18:24;59
Insumo;MOLHO TOMATE;kg;Saída;-0,09;12/10/2023 18:24;59
Insumo;MASSA PIZZA;kg;Saída;-0,44;12/10/2023 18:24;59
Insumo;ALHO PORÓ;kg;Saída;-0,05;12/10/2023 18:24;59
Insumo;PIMENTA BIQUINHO;kg;Saída;-0,01;12/10/2023 18:24;59
Insumo;MUSSARELA;kg;Saída;-0,11;08/10/2023 21:22;58
Insumo;LINGUIÇA CALABRESA;kg;Saída;-0,06;08/10/2023 21:22;58
Insumo;ORÉGANO;kg;Saída;-0,001;08/10/2023 21:22;58
Insumo;MOLHO TOMATE;kg;Saída;-0,02;08/10/2023 21:22;58
Insumo;MASSA PIZZA;kg;Saída;-0,17;08/10/2023 21:22;58
Insumo;MUSSARELA;kg;Saída;-0,11;08/10/2023 21:22;58
Insumo;GORGONZOLA;kg;Saída;-0,002;08/10/2023 21:22;58
Insumo;ORÉGANO;kg;Saída;-0,001;08/10/2023 21:22;58
Insumo;MOLHO TOMATE;kg;Saída;-0,02;08/10/2023 21:22;58
Insumo;MASSA PIZZA;kg;Saída;-0,17;08/10/2023 21:22;58
Insumo;MISTURA 4 QUEIJOS;kg;Saída;-0,025;08/10/2023 21:22;58
Insumo;MUSSARELA;kg;Saída;-0,18;08/10/2023 20:53;57
Insumo;GORGONZOLA;kg;Saída;-0,01;08/10/2023 20:53;57
Insumo;ORÉGANO;kg;Saída;-0,001;08/10/2023 20:53;57
Insumo;MOLHO TOMATE;kg;Saída;-0,04;08/10/2023 20:53;57
Insumo;MASSA PIZZA;kg;Saída;-0,26;08/10/2023 20:53;57
Insumo;MISTURA 4 QUEIJOS;kg;Saída;-0,06;08/10/2023 20:53;57
Insumo;MUSSARELA;kg;Saída;-0,09;08/10/2023 20:13;56
Insumo;REQUEIJÃO CREMOSO;kg;Saída;-0,01;08/10/2023 20:13;56
Insumo;BACON;kg;Saída;-0,02;08/10/2023 20:13;56
Insumo;ORÉGANO;kg;Saída;-0,0005;08/10/2023 20:13;56
Insumo;MOLHO TOMATE;kg;Saída;-0,02;08/10/2023 20:13;56
Insumo;MASSA PIZZA;kg;Saída;-0,13;08/10/2023 20:13;56
Insumo;MUSSARELA;kg;Saída;-0,09;08/10/2023 20:13;56
Insumo;AZEITONA PRETA;kg;Saída;-0,005;08/10/2023 20:13;56
Insumo;PRESUNTO;kg;Saída;-0,015;08/10/2023 20:13;56
Insumo;LINGUIÇA CALABRESA;kg;Saída;-0,02;08/10/2023 20:13;56
Insumo;CEBOLA ROXA;kg;Saída;-0,0025;08/10/2023 20:13;56
Insumo;ORÉGANO;kg;Saída;-0,0005;08/10/2023 20:13;56
Insumo;CEBOLA;kg;Saída;-0,005;08/10/2023 20:13;56
Insumo;PIMENTÃO;kg;Saída;-0,005;08/10/2023 20:13;56
Insumo;MOLHO TOMATE;kg;Saída;-0,02;08/10/2023 20:13;56
Insumo;MASSA PIZZA;kg;Saída;-0,13;08/10/2023 20:13;56
Insumo;MUSSARELA;kg;Saída;-0,155;08/10/2023 20:03;51
Insumo;AZEITONA PRETA;kg;Saída;-0,005;08/10/2023 20:03;51
Insumo;CHAMPIGNON;kg;Saída;-0,01;08/10/2023 20:03;51
Insumo;PRESUNTO;kg;Saída;-0,04;08/10/2023 20:03;51
Insumo;ORÉGANO;kg;Saída;-0,0005;08/10/2023 20:03;51
Insumo;MOLHO TOMATE;kg;Saída;-0,045;08/10/2023 20:03;51
Insumo;MASSA PIZZA;kg;Saída;-0,22;08/10/2023 20:03;51
Insumo;MUSSARELA;kg;Saída;-0,155;08/10/2023 20:03;51
Insumo;AZEITONA PRETA;kg;Saída;-0,0075;08/10/2023 20:03;51
Insumo;PRESUNTO;kg;Saída;-0,025;08/10/2023 20:03;51
Insumo;LINGUIÇA CALABRESA;kg;Saída;-0,03;08/10/2023 20:03;51
Insumo;CEBOLA ROXA;kg;Saída;-0,005;08/10/2023 20:03;51
Insumo;ORÉGANO;kg;Saída;-0,0005;08/10/2023 20:03;51
Insumo;CEBOLA;kg;Saída;-0,0075;08/10/2023 20:03;51
Insumo;PIMENTÃO;kg;Saída;-0,0075;08/10/2023 20:03;51
Insumo;MOLHO TOMATE;kg;Saída;-0,045;08/10/2023 20:03;51
Insumo;MASSA PIZZA;kg;Saída;-0,22;08/10/2023 20:03;51
Insumo;CHOCOLATE BRANCO;kg;Saída;-0,024;08/10/2023 19:20;55
Insumo;MASSA PIZZA;kg;Saída;-0,04;08/10/2023 19:20;55
Insumo;MASSA PIZZA;kg;Saída;-0,04;08/10/2023 19:20;55
Insumo;DOCE DE LEITE;kg;Saída;-0,04;08/10/2023 19:20;55
Insumo;MUSSARELA;kg;Saída;-0,18;08/10/2023 19:19;55
Insumo;AZEITONA PRETA;kg;Saída;-0,01;08/10/2023 19:19;55
Insumo;PRESUNTO;kg;Saída;-0,03;08/10/2023 19:19;55
Insumo;LINGUIÇA CALABRESA;kg;Saída;-0,04;08/10/2023 19:19;55
Insumo;CEBOLA ROXA;kg;Saída;-0,005;08/10/2023 19:19;55
Insumo;ORÉGANO;kg;Saída;-0,001;08/10/2023 19:19;55
Insumo;CEBOLA;kg;Saída;-0,01;08/10/2023 19:19;55
Insumo;PIMENTÃO;kg;Saída;-0,01;08/10/2023 19:19;55
Insumo;MOLHO TOMATE;kg;Saída;-0,04;08/10/2023 19:19;55
Insumo;MASSA PIZZA;kg;Saída;-0,26;08/10/2023 19:19;55
Insumo;MUSSARELA;kg;Saída;-0,18;08/10/2023 19:18;55
Insumo;AZEITONA PRETA;kg;Saída;-0,008;08/10/2023 19:18;55
Insumo;CHAMPIGNON;kg;Saída;-0,01;08/10/2023 19:18;55
Insumo;PRESUNTO;kg;Saída;-0,1;08/10/2023 19:18;55
Insumo;ORÉGANO;kg;Saída;-0,001;08/10/2023 19:18;55
Insumo;MOLHO TOMATE;kg;Saída;-0,04;08/10/2023 19:18;55
Insumo;MASSA PIZZA;kg;Saída;-0,26;08/10/2023 19:18;55
Insumo;CREAME CHEESE;kg;Saída;-0,005;08/10/2023 18:23;53
Insumo;MASSA PIZZA;kg;Saída;-0,02;08/10/2023 18:23;53
Insumo;GOIABADA;kg;Saída;-0,005;08/10/2023 18:23;53
Insumo;MASSA PIZZA;kg;Saída;-0,02;08/10/2023 18:23;53
Insumo;DOCE DE LEITE;kg;Saída;-0,02;08/10/2023 18:23;53
Insumo;CHOCOLATE AO LEITE;kg;Saída;-0,072;08/10/2023 18:23;53
Insumo;MASSA PIZZA;kg;Saída;-0,12;08/10/2023 18:23;53
Insumo;CHOCOLATE AO LEITE;kg;Saída;-0,012;08/10/2023 18:23;53
Insumo;MASSA PIZZA;kg;Saída;-0,02;08/10/2023 18:23;53
Insumo;CHOCOLATE AO LEITE;kg;Saída;-0,012;08/10/2023 18:22;53
Insumo;MASSA PIZZA;kg;Saída;-0,02;08/10/2023 18:22;53
Insumo;MUSSARELA;kg;Saída;-0,09;08/10/2023 18:20;53
Insumo;CREAME CHEESE;kg;Saída;-0,02;08/10/2023 18:20;53
Insumo;PEITO DE PERU;kg;Saída;-0,04;08/10/2023 18:20;53
Insumo;ORÉGANO;kg;Saída;-0,0005;08/10/2023 18:20;53
Insumo;MOLHO TOMATE;kg;Saída;-0,02;08/10/2023 18:20;53
Insumo;MASSA PIZZA;kg;Saída;-0,13;08/10/2023 18:20;53
Insumo;MUSSARELA;kg;Saída;-0,09;08/10/2023 18:20;53
Insumo;LINGUIÇA CALABRESA;kg;Saída;-0,1;08/10/2023 18:20;53
Insumo;CEBOLA ROXA;kg;Saída;-0,001;08/10/2023 18:20;53
Insumo;ORÉGANO;kg;Saída;-0,0005;08/10/2023 18:20;53
Insumo;CEBOLA;kg;Saída;-0,003;08/10/2023 18:20;53
Insumo;MOLHO TOMATE;kg;Saída;-0,02;08/10/2023 18:20;53
Insumo;MASSA PIZZA;kg;Saída;-0,13;08/10/2023 18:20;53
Insumo;MUSSARELA;kg;Saída;-0,18;08/10/2023 18:08;51
Insumo;CREAME CHEESE;kg;Saída;-0,08;08/10/2023 18:08;51
Insumo;ORÉGANO;kg;Saída;-0,001;08/10/2023 18:08;51
Insumo;MOLHO TOMATE;kg;Saída;-0,04;08/10/2023 18:08;51
Insumo;MASSA PIZZA;kg;Saída;-0,26;08/10/2023 18:08;51
Insumo;ALHO PORÓ;kg;Saída;-0,03;08/10/2023 18:08;51
Insumo;PIMENTA BIQUINHO;kg;Saída;-0,006;08/10/2023 18:08;51
Insumo;MUSSARELA;kg;Saída;-0,09;07/10/2023 20:45;52
Insumo;CREAME CHEESE;kg;Saída;-0,02;07/10/2023 20:45;52
Insumo;PEITO DE PERU;kg;Saída;-0,04;07/10/2023 20:45;52
Insumo;ORÉGANO;kg;Saída;-0,0005;07/10/2023 20:45;52
Insumo;MOLHO TOMATE;kg;Saída;-0,02;07/10/2023 20:45;52
Insumo;MASSA PIZZA;kg;Saída;-0,13;07/10/2023 20:45;52
Insumo;MUSSARELA;kg;Saída;-0,09;07/10/2023 20:45;52
Insumo;TOMATE SALADA;kg;Saída;-0,0075;07/10/2023 20:45;52
Insumo;ORÉGANO;kg;Saída;-0,0005;07/10/2023 20:45;52
Insumo;MOLHO TOMATE;kg;Saída;-0,02;07/10/2023 20:45;52
Insumo;MASSA PIZZA;kg;Saída;-0,13;07/10/2023 20:45;52
Insumo;MANJERICÃO FRESCO;kg;Saída;-0,0005;07/10/2023 20:45;52
Insumo;MUSSARELA;kg;Saída;-0,155;07/10/2023 20:43;52
Insumo;AZEITONA PRETA;kg;Saída;-0,005;07/10/2023 20:43;52
Insumo;CHAMPIGNON;kg;Saída;-0,01;07/10/2023 20:43;52
Insumo;PRESUNTO;kg;Saída;-0,04;07/10/2023 20:43;52
Insumo;ORÉGANO;kg;Saída;-0,0005;07/10/2023 20:43;52
Insumo;MOLHO TOMATE;kg;Saída;-0,045;07/10/2023 20:43;52
Insumo;MASSA PIZZA;kg;Saída;-0,22;07/10/2023 20:43;52
Insumo;MUSSARELA;kg;Saída;-0,155;07/10/2023 20:43;52
Insumo;CREAME CHEESE;kg;Saída;-0,06;07/10/2023 20:43;52
Insumo;ORÉGANO;kg;Saída;-0,0005;07/10/2023 20:43;52
Insumo;MOLHO TOMATE;kg;Saída;-0,045;07/10/2023 20:43;52
Insumo;MASSA PIZZA;kg;Saída;-0,22;07/10/2023 20:43;52
Insumo;ALHO PORÓ;kg;Saída;-0,025;07/10/2023 20:43;52
Insumo;PIMENTA BIQUINHO;kg;Saída;-0,005;07/10/2023 20:43;52
Insumo;MUSSARELA;kg;Saída;-0,155;07/10/2023 20:43;52
Insumo;AZEITONA PRETA;kg;Saída;-0,0075;07/10/2023 20:43;52
Insumo;PRESUNTO;kg;Saída;-0,025;07/10/2023 20:43;52
Insumo;LINGUIÇA CALABRESA;kg;Saída;-0,03;07/10/2023 20:43;52
Insumo;CEBOLA ROXA;kg;Saída;-0,005;07/10/2023 20:43;52
Insumo;ORÉGANO;kg;Saída;-0,0005;07/10/2023 20:43;52
Insumo;CEBOLA;kg;Saída;-0,0075;07/10/2023 20:43;52
Insumo;PIMENTÃO;kg;Saída;-0,0075;07/10/2023 20:43;52
Insumo;MOLHO TOMATE;kg;Saída;-0,045;07/10/2023 20:43;52
Insumo;MASSA PIZZA;kg;Saída;-0,22;07/10/2023 20:43;52
Insumo;MUSSARELA;kg;Saída;-0,155;07/10/2023 20:43;52
Insumo;REQUEIJÃO CREMOSO;kg;Saída;-0,06;07/10/2023 20:43;52
Insumo;ORÉGANO;kg;Saída;-0,0005;07/10/2023 20:43;52
Insumo;MOLHO TOMATE;kg;Saída;-0,045;07/10/2023 20:43;52
Insumo;MASSA PIZZA;kg;Saída;-0,22;07/10/2023 20:43;52
Insumo;FRANGO DESFIADO;kg;Saída;-0,09;07/10/2023 20:43;52
Insumo;MUSSARELA;kg;Saída;-0,18;06/10/2023 21:57;50
Insumo;LINGUIÇA CALABRESA;kg;Saída;-0,2;06/10/2023 21:57;50
Insumo;CEBOLA ROXA;kg;Saída;-0,002;06/10/2023 21:57;50
Insumo;ORÉGANO;kg;Saída;-0,001;06/10/2023 21:57;50
Insumo;CEBOLA;kg;Saída;-0,006;06/10/2023 21:57;50
Insumo;MOLHO TOMATE;kg;Saída;-0,04;06/10/2023 21:57;50
Insumo;MASSA PIZZA;kg;Saída;-0,26;06/10/2023 21:57;50
Insumo;MUSSARELA;kg;Saída;-0,055;06/10/2023 21:55;48
Insumo;REQUEIJÃO CREMOSO;kg;Saída;-0,015;06/10/2023 21:55;48
Insumo;ORÉGANO;kg;Saída;-0,0005;06/10/2023 21:55;48
Insumo;MOLHO TOMATE;kg;Saída;-0,01;06/10/2023 21:55;48
Insumo;MASSA PIZZA;kg;Saída;-0,085;06/10/2023 21:55;48
Insumo;FRANGO DESFIADO;kg;Saída;-0,025;06/10/2023 21:55;48
Insumo;MUSSARELA;kg;Saída;-0,055;06/10/2023 21:55;48
Insumo;LINGUIÇA CALABRESA;kg;Saída;-0,08;06/10/2023 21:55;48
Insumo;ORÉGANO;kg;Saída;-0,0005;06/10/2023 21:55;48
Insumo;MOLHO TOMATE;kg;Saída;-0,01;06/10/2023 21:55;48
Insumo;MASSA PIZZA;kg;Saída;-0,085;06/10/2023 21:55;48
Insumo;MUSSARELA;kg;Saída;-0,11;06/10/2023 21:52;46
Insumo;LINGUIÇA CALABRESA;kg;Saída;-0,16;06/10/2023 21:52;46
Insumo;ORÉGANO;kg;Saída;-0,001;06/10/2023 21:52;46
Insumo;MOLHO TOMATE;kg;Saída;-0,02;06/10/2023 21:52;46
Insumo;MASSA PIZZA;kg;Saída;-0,17;06/10/2023 21:52;46
Insumo;MUSSARELA;kg;Saída;-0,155;06/10/2023 20:42;45
Insumo;REQUEIJÃO CREMOSO;kg;Saída;-0,015;06/10/2023 20:42;45
Insumo;BACON;kg;Saída;-0,03;06/10/2023 20:42;45
Insumo;ORÉGANO;kg;Saída;-0,0005;06/10/2023 20:42;45
Insumo;MOLHO TOMATE;kg;Saída;-0,045;06/10/2023 20:42;45
Insumo;MASSA PIZZA;kg;Saída;-0,22;06/10/2023 20:42;45
Insumo;MUSSARELA;kg;Saída;-0,155;06/10/2023 20:42;45
Insumo;LINGUIÇA CALABRESA;kg;Saída;-0,115;06/10/2023 20:42;45
Insumo;CEBOLA ROXA;kg;Saída;-0,0015;06/10/2023 20:42;45
Insumo;ORÉGANO;kg;Saída;-0,0005;06/10/2023 20:42;45
Insumo;CEBOLA;kg;Saída;-0,005;06/10/2023 20:42;45
Insumo;MOLHO TOMATE;kg;Saída;-0,045;06/10/2023 20:42;45
Insumo;MASSA PIZZA;kg;Saída;-0,22;06/10/2023 20:42;45
Insumo;REQUEIJÃO CREMOSO;kg;Saída;-0,05;06/10/2023 20:42;45
Insumo;MUSSARELA;kg;Saída;-0,155;04/10/2023 22:25;42
Insumo;PEITO DE PERU;kg;Saída;-0,06;04/10/2023 22:25;42
Insumo;ORÉGANO;kg;Saída;-0,0005;04/10/2023 22:25;42
Insumo;MOLHO TOMATE;kg;Saída;-0,045;04/10/2023 22:25;42
Insumo;MASSA PIZZA;kg;Saída;-0,22;04/10/2023 22:25;42
Insumo;TOMATE SECO;kg;Saída;-0,005;04/10/2023 22:25;42
Insumo;MUSSARELA;kg;Saída;-0,155;04/10/2023 22:25;42
Insumo;AZEITONA PRETA;kg;Saída;-0,0075;04/10/2023 22:25;42
Insumo;PRESUNTO;kg;Saída;-0,025;04/10/2023 22:25;42
Insumo;LINGUIÇA CALABRESA;kg;Saída;-0,03;04/10/2023 22:25;42
Insumo;CEBOLA ROXA;kg;Saída;-0,005;04/10/2023 22:25;42
Insumo;ORÉGANO;kg;Saída;-0,0005;04/10/2023 22:25;42
Insumo;CEBOLA;kg;Saída;-0,0075;04/10/2023 22:25;42
Insumo;PIMENTÃO;kg;Saída;-0,0075;04/10/2023 22:25;42
Insumo;MOLHO TOMATE;kg;Saída;-0,045;04/10/2023 22:25;42
Insumo;MASSA PIZZA;kg;Saída;-0,22;04/10/2023 22:25;42
Insumo;MUSSARELA;kg;Saída;-0,09;04/10/2023 22:21;41
Insumo;CREAME CHEESE;kg;Saída;-0,02;04/10/2023 22:21;41
Insumo;PEITO DE PERU;kg;Saída;-0,04;04/10/2023 22:21;41
Insumo;ORÉGANO;kg;Saída;-0,0005;04/10/2023 22:21;41
Insumo;MOLHO TOMATE;kg;Saída;-0,02;04/10/2023 22:21;41
Insumo;MASSA PIZZA;kg;Saída;-0,13;04/10/2023 22:21;41
Insumo;MUSSARELA;kg;Saída;-0,09;04/10/2023 22:21;41
Insumo;GORGONZOLA;kg;Saída;-0,005;04/10/2023 22:21;41
Insumo;ORÉGANO;kg;Saída;-0,0005;04/10/2023 22:21;41
Insumo;MOLHO TOMATE;kg;Saída;-0,03;04/10/2023 22:21;41
Insumo;MASSA PIZZA;kg;Saída;-0,13;04/10/2023 22:21;41
Insumo;MISTURA 4 QUEIJOS;kg;Saída;-0,03;04/10/2023 22:21;41
Insumo;MUSSARELA;kg;Saída;-0,09;04/10/2023 22:16;40
Insumo;TOMATE SALADA;kg;Saída;-0,0075;04/10/2023 22:16;40
Insumo;ORÉGANO;kg;Saída;-0,0005;04/10/2023 22:16;40
Insumo;MOLHO TOMATE;kg;Saída;-0,02;04/10/2023 22:16;40
Insumo;MASSA PIZZA;kg;Saída;-0,13;04/10/2023 22:16;40
Insumo;MANJERICÃO FRESCO;kg;Saída;-0,0005;04/10/2023 22:16;40
Insumo;MUSSARELA;kg;Saída;-0,09;04/10/2023 22:16;40
Insumo;REQUEIJÃO CREMOSO;kg;Saída;-0,03;04/10/2023 22:16;40
Insumo;ORÉGANO;kg;Saída;-0,0005;04/10/2023 22:16;40
Insumo;MOLHO TOMATE;kg;Saída;-0,02;04/10/2023 22:16;40
Insumo;MASSA PIZZA;kg;Saída;-0,13;04/10/2023 22:16;40
Insumo;FRANGO DESFIADO;kg;Saída;-0,04;04/10/2023 22:16;40
Insumo;MUSSARELA;kg;Saída;-0,155;04/10/2023 22:07;39
Insumo;AZEITONA PRETA;kg;Saída;-0,0075;04/10/2023 22:07;39
Insumo;PRESUNTO;kg;Saída;-0,025;04/10/2023 22:07;39
Insumo;LINGUIÇA CALABRESA;kg;Saída;-0,03;04/10/2023 22:07;39
Insumo;CEBOLA ROXA;kg;Saída;-0,005;04/10/2023 22:07;39
Insumo;ORÉGANO;kg;Saída;-0,0005;04/10/2023 22:07;39
Insumo;CEBOLA;kg;Saída;-0,0075;04/10/2023 22:07;39
Insumo;PIMENTÃO;kg;Saída;-0,0075;04/10/2023 22:07;39
Insumo;MOLHO TOMATE;kg;Saída;-0,045;04/10/2023 22:07;39
Insumo;MASSA PIZZA;kg;Saída;-0,22;04/10/2023 22:07;39
Insumo;MUSSARELA;kg;Saída;-0,155;04/10/2023 22:07;39
Insumo;REQUEIJÃO CREMOSO;kg;Saída;-0,015;04/10/2023 22:07;39
Insumo;BACON;kg;Saída;-0,03;04/10/2023 22:07;39
Insumo;ORÉGANO;kg;Saída;-0,0005;04/10/2023 22:07;39
Insumo;MOLHO TOMATE;kg;Saída;-0,045;04/10/2023 22:07;39
Insumo;MASSA PIZZA;kg;Saída;-0,22;04/10/2023 22:07;39
Insumo;MUSSARELA;kg;Saída;-0,155;04/10/2023 22:07;39
Insumo;CREAME CHEESE;kg;Saída;-0,06;04/10/2023 22:07;39
Insumo;ORÉGANO;kg;Saída;-0,0005;04/10/2023 22:07;39
Insumo;MOLHO TOMATE;kg;Saída;-0,045;04/10/2023 22:07;39
Insumo;MASSA PIZZA;kg;Saída;-0,22;04/10/2023 22:07;39
Insumo;ALHO PORÓ;kg;Saída;-0,025;04/10/2023 22:07;39
Insumo;PIMENTA BIQUINHO;kg;Saída;-0,005;04/10/2023 22:07;39
Insumo;MUSSARELA;kg;Saída;-0,155;04/10/2023 22:07;39
Insumo;GORGONZOLA;kg;Saída;-0,01;04/10/2023 22:07;39
Insumo;ORÉGANO;kg;Saída;-0,0005;04/10/2023 22:07;39
Insumo;MOLHO TOMATE;kg;Saída;-0,045;04/10/2023 22:07;39
Insumo;MASSA PIZZA;kg;Saída;-0,22;04/10/2023 22:07;39
Insumo;MISTURA 4 QUEIJOS;kg;Saída;-0,05;04/10/2023 22:07;39
Insumo;MUSSARELA;kg;Saída;-0,155;04/10/2023 22:02;38
Insumo;PEPPERONI;kg;Saída;-0,045;04/10/2023 22:02;38
Insumo;ORÉGANO;kg;Saída;-0,0005;04/10/2023 22:02;38
Insumo;MOLHO TOMATE;kg;Saída;-0,045;04/10/2023 22:02;38
Insumo;MASSA PIZZA;kg;Saída;-0,22;04/10/2023 22:02;38
Insumo;MUSSARELA;kg;Saída;-0,155;04/10/2023 22:02;38
Insumo;TOMATE SALADA;kg;Saída;-0,015;04/10/2023 22:02;38
Insumo;ORÉGANO;kg;Saída;-0,0005;04/10/2023 22:02;38
Insumo;MOLHO TOMATE;kg;Saída;-0,045;04/10/2023 22:02;38
Insumo;MASSA PIZZA;kg;Saída;-0,22;04/10/2023 22:02;38
Insumo;MANJERICÃO FRESCO;kg;Saída;-0,0005;04/10/2023 22:02;38
Insumo;MUSSARELA;kg;Saída;-0,31;04/10/2023 22:02;38
Insumo;LINGUIÇA CALABRESA;kg;Saída;-0,23;04/10/2023 22:02;38
Insumo;CEBOLA ROXA;kg;Saída;-0,003;04/10/2023 22:02;38
Insumo;ORÉGANO;kg;Saída;-0,001;04/10/2023 22:02;38
Insumo;CEBOLA;kg;Saída;-0,01;04/10/2023 22:02;38
Insumo;MOLHO TOMATE;kg;Saída;-0,09;04/10/2023 22:02;38
Insumo;MASSA PIZZA;kg;Saída;-0,44;04/10/2023 22:02;38
Insumo;MUSSARELA;kg;Saída;-0,155;04/10/2023 21:57;37
Insumo;CREAME CHEESE;kg;Saída;-0,03;04/10/2023 21:57;37
Insumo;PEITO DE PERU;kg;Saída;-0,06;04/10/2023 21:57;37
Insumo;ORÉGANO;kg;Saída;-0,0005;04/10/2023 21:57;37
Insumo;MOLHO TOMATE;kg;Saída;-0,045;04/10/2023 21:57;37
Insumo;MASSA PIZZA;kg;Saída;-0,22;04/10/2023 21:57;37
Insumo;MUSSARELA;kg;Saída;-0,155;04/10/2023 21:57;37
Insumo;LINGUIÇA CALABRESA;kg;Saída;-0,115;04/10/2023 21:57;37
Insumo;CEBOLA ROXA;kg;Saída;-0,0015;04/10/2023 21:57;37
Insumo;ORÉGANO;kg;Saída;-0,0005;04/10/2023 21:57;37
Insumo;CEBOLA;kg;Saída;-0,005;04/10/2023 21:57;37
Insumo;MOLHO TOMATE;kg;Saída;-0,045;04/10/2023 21:57;37
Insumo;MASSA PIZZA;kg;Saída;-0,22;04/10/2023 21:57;37
Insumo;MUSSARELA;kg;Saída;-0,155;04/10/2023 21:55;37
Insumo;AZEITONA PRETA;kg;Saída;-0,005;04/10/2023 21:55;37
Insumo;CHAMPIGNON;kg;Saída;-0,01;04/10/2023 21:55;37
Insumo;PRESUNTO;kg;Saída;-0,04;04/10/2023 21:55;37
Insumo;ORÉGANO;kg;Saída;-0,0005;04/10/2023 21:55;37
Insumo;MOLHO TOMATE;kg;Saída;-0,045;04/10/2023 21:55;37
Insumo;MASSA PIZZA;kg;Saída;-0,22;04/10/2023 21:55;37
Insumo;MUSSARELA;kg;Saída;-0,155;04/10/2023 21:55;37
Insumo;LINGUIÇA CALABRESA;kg;Saída;-0,115;04/10/2023 21:55;37
Insumo;CEBOLA ROXA;kg;Saída;-0,0015;04/10/2023 21:55;37
Insumo;ORÉGANO;kg;Saída;-0,0005;04/10/2023 21:55;37
Insumo;CEBOLA;kg;Saída;-0,005;04/10/2023 21:55;37
Insumo;MOLHO TOMATE;kg;Saída;-0,045;04/10/2023 21:55;37
Insumo;MASSA PIZZA;kg;Saída;-0,22;04/10/2023 21:55;37
Insumo;MUSSARELA;kg;Saída;-0,09;04/10/2023 21:01;36
Insumo;TOMATE SALADA;kg;Saída;-0,0075;04/10/2023 21:01;36
Insumo;ORÉGANO;kg;Saída;-0,0005;04/10/2023 21:01;36
Insumo;MOLHO TOMATE;kg;Saída;-0,02;04/10/2023 21:01;36
Insumo;MASSA PIZZA;kg;Saída;-0,13;04/10/2023 21:01;36
Insumo;MANJERICÃO FRESCO;kg;Saída;-0,0005;04/10/2023 21:01;36
Insumo;MUSSARELA;kg;Saída;-0,09;04/10/2023 21:01;36
Insumo;LINGUIÇA CALABRESA;kg;Saída;-0,1;04/10/2023 21:01;36
Insumo;CEBOLA ROXA;kg;Saída;-0,001;04/10/2023 21:01;36
Insumo;ORÉGANO;kg;Saída;-0,0005;04/10/2023 21:01;36
Insumo;CEBOLA;kg;Saída;-0,003;04/10/2023 21:01;36
Insumo;MOLHO TOMATE;kg;Saída;-0,02;04/10/2023 21:01;36
Insumo;MASSA PIZZA;kg;Saída;-0,13;04/10/2023 21:01;36
Insumo;MUSSARELA;kg;Saída;-0,09;04/10/2023 20:56;35
Insumo;TOMATE SALADA;kg;Saída;-0,0075;04/10/2023 20:56;35
Insumo;ORÉGANO;kg;Saída;-0,0005;04/10/2023 20:56;35
Insumo;MOLHO TOMATE;kg;Saída;-0,02;04/10/2023 20:56;35
Insumo;MASSA PIZZA;kg;Saída;-0,13;04/10/2023 20:56;35
Insumo;MANJERICÃO FRESCO;kg;Saída;-0,0005;04/10/2023 20:56;35
Insumo;MUSSARELA;kg;Saída;-0,09;04/10/2023 20:56;35
Insumo;PEPPERONI;kg;Saída;-0,025;04/10/2023 20:56;35
Insumo;ORÉGANO;kg;Saída;-0,0005;04/10/2023 20:56;35
Insumo;MOLHO TOMATE;kg;Saída;-0,02;04/10/2023 20:56;35
Insumo;MASSA PIZZA;kg;Saída;-0,13;04/10/2023 20:56;35
Insumo;MUSSARELA;kg;Saída;-0,31;04/10/2023 20:56;35
Insumo;LINGUIÇA CALABRESA;kg;Saída;-0,23;04/10/2023 20:56;35
Insumo;CEBOLA ROXA;kg;Saída;-0,003;04/10/2023 20:56;35
Insumo;ORÉGANO;kg;Saída;-0,001;04/10/2023 20:56;35
Insumo;CEBOLA;kg;Saída;-0,01;04/10/2023 20:56;35
Insumo;MOLHO TOMATE;kg;Saída;-0,09;04/10/2023 20:56;35
Insumo;MASSA PIZZA;kg;Saída;-0,44;04/10/2023 20:56;35
Insumo;MUSSARELA;kg;Saída;-0,155;04/10/2023 12:01;34
Insumo;AZEITONA PRETA;kg;Saída;-0,0075;04/10/2023 12:01;34
Insumo;PRESUNTO;kg;Saída;-0,025;04/10/2023 12:01;34
Insumo;LINGUIÇA CALABRESA;kg;Saída;-0,03;04/10/2023 12:01;34
Insumo;CEBOLA ROXA;kg;Saída;-0,005;04/10/2023 12:01;34
Insumo;ORÉGANO;kg;Saída;-0,0005;04/10/2023 12:01;34
Insumo;CEBOLA;kg;Saída;-0,0075;04/10/2023 12:01;34
Insumo;PIMENTÃO;kg;Saída;-0,0075;04/10/2023 12:01;34
Insumo;MOLHO TOMATE;kg;Saída;-0,045;04/10/2023 12:01;34
Insumo;MASSA PIZZA;kg;Saída;-0,22;04/10/2023 12:01;34
Insumo;MUSSARELA;kg;Saída;-0,155;04/10/2023 12:01;34
Insumo;LINGUIÇA CALABRESA;kg;Saída;-0,115;04/10/2023 12:01;34
Insumo;CEBOLA ROXA;kg;Saída;-0,0015;04/10/2023 12:01;34
Insumo;ORÉGANO;kg;Saída;-0,0005;04/10/2023 12:01;34
Insumo;CEBOLA;kg;Saída;-0,005;04/10/2023 12:01;34
Insumo;MOLHO TOMATE;kg;Saída;-0,045;04/10/2023 12:01;34
Insumo;MASSA PIZZA;kg;Saída;-0,22;04/10/2023 12:01;34
Insumo;MUSSARELA;kg;Saída;-0,31;04/10/2023 12:00;34
Insumo;GORGONZOLA;kg;Saída;-0,02;04/10/2023 12:00;34
Insumo;ORÉGANO;kg;Saída;-0,001;04/10/2023 12:00;34
Insumo;MOLHO TOMATE;kg;Saída;-0,09;04/10/2023 12:00;34
Insumo;MASSA PIZZA;kg;Saída;-0,44;04/10/2023 12:00;34
Insumo;MISTURA 4 QUEIJOS;kg;Saída;-0,1;04/10/2023 12:00;34
Insumo;MUSSARELA;kg;Saída;-0,18;04/10/2023 11:50;32
Insumo;LINGUIÇA CALABRESA;kg;Saída;-0,2;04/10/2023 11:50;32
Insumo;CEBOLA ROXA;kg;Saída;-0,002;04/10/2023 11:50;32
Insumo;ORÉGANO;kg;Saída;-0,001;04/10/2023 11:50;32
Insumo;CEBOLA;kg;Saída;-0,006;04/10/2023 11:50;32
Insumo;MOLHO TOMATE;kg;Saída;-0,04;04/10/2023 11:50;32
Insumo;MASSA PIZZA;kg;Saída;-0,26;04/10/2023 11:50;32
Insumo;MUSSARELA;kg;Saída;-0,155;04/10/2023 11:46;31
Insumo;GORGONZOLA;kg;Saída;-0,01;04/10/2023 11:46;31
Insumo;ORÉGANO;kg;Saída;-0,0005;04/10/2023 11:46;31
Insumo;MOLHO TOMATE;kg;Saída;-0,045;04/10/2023 11:46;31
Insumo;MASSA PIZZA;kg;Saída;-0,22;04/10/2023 11:46;31
Insumo;MISTURA 4 QUEIJOS;kg;Saída;-0,05;04/10/2023 11:46;31
Insumo;MUSSARELA;kg;Saída;-0,155;04/10/2023 11:46;31
Insumo;REQUEIJÃO CREMOSO;kg;Saída;-0,015;04/10/2023 11:46;31
Insumo;BACON;kg;Saída;-0,03;04/10/2023 11:46;31
Insumo;ORÉGANO;kg;Saída;-0,0005;04/10/2023 11:46;31
Insumo;MOLHO TOMATE;kg;Saída;-0,045;04/10/2023 11:46;31
Insumo;MASSA PIZZA;kg;Saída;-0,22;04/10/2023 11:46;31
Insumo;LINGUIÇA CALABRESA;kg;Saída;-0,05;04/10/2023 11:46;31
Insumo;MASSA PIZZA;kg;Saída;-0,04;04/10/2023 11:42;30
Insumo;DOCE DE LEITE;kg;Saída;-0,04;04/10/2023 11:42;30
Insumo;CHOCOLATE BRANCO;kg;Saída;-0,024;04/10/2023 11:42;30
Insumo;MASSA PIZZA;kg;Saída;-0,04;04/10/2023 11:42;30
Insumo;CHOCOLATE AO LEITE;kg;Saída;-0,024;04/10/2023 11:42;30
Insumo;MASSA PIZZA;kg;Saída;-0,04;04/10/2023 11:42;30
Insumo;MUSSARELA;kg;Saída;-0,155;04/10/2023 11:42;30
Insumo;CREAME CHEESE;kg;Saída;-0,03;04/10/2023 11:42;30
Insumo;PEITO DE PERU;kg;Saída;-0,06;04/10/2023 11:42;30
Insumo;ORÉGANO;kg;Saída;-0,0005;04/10/2023 11:42;30
Insumo;MOLHO TOMATE;kg;Saída;-0,045;04/10/2023 11:42;30
Insumo;MASSA PIZZA;kg;Saída;-0,22;04/10/2023 11:42;30
Insumo;MUSSARELA;kg;Saída;-0,155;04/10/2023 11:42;30
Insumo;REQUEIJÃO CREMOSO;kg;Saída;-0,06;04/10/2023 11:42;30
Insumo;ORÉGANO;kg;Saída;-0,0005;04/10/2023 11:42;30
Insumo;MOLHO TOMATE;kg;Saída;-0,045;04/10/2023 11:42;30
Insumo;MASSA PIZZA;kg;Saída;-0,22;04/10/2023 11:42;30
Insumo;FRANGO DESFIADO;kg;Saída;-0,09;04/10/2023 11:42;30
Insumo;MUSSARELA;kg;Saída;-0,155;23/09/2023 22:05;27
Insumo;AZEITONA PRETA;kg;Saída;-0,005;23/09/2023 22:05;27
Insumo;CHAMPIGNON;kg;Saída;-0,01;23/09/2023 22:05;27
Insumo;PRESUNTO;kg;Saída;-0,04;23/09/2023 22:05;27
Insumo;ORÉGANO;kg;Saída;-0,0005;23/09/2023 22:05;27
Insumo;MOLHO TOMATE;kg;Saída;-0,045;23/09/2023 22:05;27
Insumo;MASSA PIZZA;kg;Saída;-0,22;23/09/2023 22:05;27
Insumo;MUSSARELA;kg;Saída;-0,155;23/09/2023 22:05;27
Insumo;LINGUIÇA CALABRESA;kg;Saída;-0,025;23/09/2023 22:05;27
Insumo;CEBOLA ROXA;kg;Saída;-0,0015;23/09/2023 22:05;27
Insumo;ORÉGANO;kg;Saída;-0,0005;23/09/2023 22:05;27
Insumo;CEBOLA;kg;Saída;-0,005;23/09/2023 22:05;27
Insumo;MOLHO TOMATE;kg;Saída;-0,045;23/09/2023 22:05;27
Insumo;MASSA PIZZA;kg;Saída;-0,22;23/09/2023 22:05;27
Insumo;MUSSARELA;kg;Saída;-0,155;23/09/2023 22:04;26
Insumo;GORGONZOLA;kg;Saída;-0,01;23/09/2023 22:04;26
Insumo;ORÉGANO;kg;Saída;-0,0005;23/09/2023 22:04;26
Insumo;MOLHO TOMATE;kg;Saída;-0,045;23/09/2023 22:04;26
Insumo;MASSA PIZZA;kg;Saída;-0,22;23/09/2023 22:04;26
Insumo;MISTURA 4 QUEIJOS;kg;Saída;-0,05;23/09/2023 22:04;26
Insumo;MUSSARELA;kg;Saída;-0,155;23/09/2023 22:04;26
Insumo;REQUEIJÃO CREMOSO;kg;Saída;-0,015;23/09/2023 22:04;26
Insumo;BACON;kg;Saída;-0,03;23/09/2023 22:04;26
Insumo;ORÉGANO;kg;Saída;-0,0005;23/09/2023 22:04;26
Insumo;MOLHO TOMATE;kg;Saída;-0,045;23/09/2023 22:04;26
Insumo;MASSA PIZZA;kg;Saída;-0,22;23/09/2023 22:04;26
Insumo;LINGUIÇA CALABRESA;kg;Saída;-0,05;23/09/2023 22:04;26
Insumo;MUSSARELA;kg;Saída;-0,155;23/09/2023 21:52;26
Insumo;GORGONZOLA;kg;Saída;-0,01;23/09/2023 21:52;26
Insumo;ORÉGANO;kg;Saída;-0,0005;23/09/2023 21:52;26
Insumo;MOLHO TOMATE;kg;Saída;-0,045;23/09/2023 21:52;26
Insumo;MASSA PIZZA;kg;Saída;-0,22;23/09/2023 21:52;26
Insumo;MISTURA 4 QUEIJOS;kg;Saída;-0,05;23/09/2023 21:52;26
Insumo;MUSSARELA;kg;Saída;-0,155;23/09/2023 21:52;26
Insumo;REQUEIJÃO CREMOSO;kg;Saída;-0,015;23/09/2023 21:52;26
Insumo;BACON;kg;Saída;-0,03;23/09/2023 21:52;26
Insumo;ORÉGANO;kg;Saída;-0,0005;23/09/2023 21:52;26
Insumo;MOLHO TOMATE;kg;Saída;-0,045;23/09/2023 21:52;26
Insumo;MASSA PIZZA;kg;Saída;-0,22;23/09/2023 21:52;26
Insumo;MUSSARELA;kg;Saída;-0,155;23/09/2023 21:49;25
Insumo;CREAME CHEESE;kg;Saída;-0,06;23/09/2023 21:49;25
Insumo;ORÉGANO;kg;Saída;-0,0005;23/09/2023 21:49;25
Insumo;MOLHO TOMATE;kg;Saída;-0,045;23/09/2023 21:49;25
Insumo;MASSA PIZZA;kg;Saída;-0,22;23/09/2023 21:49;25
Insumo;ALHO PORÓ;kg;Saída;-0,025;23/09/2023 21:49;25
Insumo;PIMENTA BIQUINHO;kg;Saída;-0,005;23/09/2023 21:49;25
Insumo;MUSSARELA;kg;Saída;-0,31;23/09/2023 21:22;25
Insumo;CREAME CHEESE;kg;Saída;-0,12;23/09/2023 21:22;25
Insumo;ORÉGANO;kg;Saída;-0,001;23/09/2023 21:22;25
Insumo;MOLHO TOMATE;kg;Saída;-0,09;23/09/2023 21:22;25
Insumo;MASSA PIZZA;kg;Saída;-0,44;23/09/2023 21:22;25
Insumo;ALHO PORÓ;kg;Saída;-0,05;23/09/2023 21:22;25
Insumo;PIMENTA BIQUINHO;kg;Saída;-0,01;23/09/2023 21:22;25
Insumo;MASSA PIZZA;kg;Saída;-0,04;23/09/2023 20:49;21
Insumo;DOCE DE LEITE;kg;Saída;-0,04;23/09/2023 20:49;21
Insumo;CHOCOLATE BRANCO;kg;Saída;-0,024;23/09/2023 20:49;21
Insumo;MASSA PIZZA;kg;Saída;-0,04;23/09/2023 20:49;21
Insumo;CHOCOLATE AO LEITE;kg;Saída;-0,024;23/09/2023 20:49;21
Insumo;MASSA PIZZA;kg;Saída;-0,04;23/09/2023 20:49;21
Insumo;MUSSARELA;kg;Saída;-0,155;23/09/2023 20:43;21
Insumo;CREAME CHEESE;kg;Saída;-0,03;23/09/2023 20:43;21
Insumo;PEITO DE PERU;kg;Saída;-0,06;23/09/2023 20:43;21
Insumo;ORÉGANO;kg;Saída;-0,0005;23/09/2023 20:43;21
Insumo;MOLHO TOMATE;kg;Saída;-0,045;23/09/2023 20:43;21
Insumo;MASSA PIZZA;kg;Saída;-0,22;23/09/2023 20:43;21
Insumo;MUSSARELA;kg;Saída;-0,155;20/09/2023 10:26;20
Insumo;LINGUIÇA CALABRESA;kg;Saída;-0,025;20/09/2023 10:26;20
Insumo;CEBOLA ROXA;kg;Saída;-0,0015;20/09/2023 10:26;20
Insumo;ORÉGANO;kg;Saída;-0,0005;20/09/2023 10:26;20
Insumo;CEBOLA;kg;Saída;-0,005;20/09/2023 10:26;20
Insumo;MOLHO TOMATE;kg;Saída;-0,045;20/09/2023 10:26;20
Insumo;MASSA PIZZA;kg;Saída;-0,22;20/09/2023 10:26;20
Insumo;BACON;kg;Saída;-0,04;20/09/2023 10:26;20
Insumo;MASSA PIZZA;kg;Saída;-0,26;18/09/2023 11:42;19
Insumo;MUSSARELA;kg;Saída;-0,155;18/09/2023 11:41;18
Insumo;AZEITONA PRETA;kg;Saída;-0,0075;18/09/2023 11:41;18
Insumo;PRESUNTO;kg;Saída;-0,025;18/09/2023 11:41;18
Insumo;LINGUIÇA CALABRESA;kg;Saída;-0,03;18/09/2023 11:41;18
Insumo;CEBOLA ROXA;kg;Saída;-0,005;18/09/2023 11:41;18
Insumo;ORÉGANO;kg;Saída;-0,0005;18/09/2023 11:41;18
Insumo;CEBOLA;kg;Saída;-0,0075;18/09/2023 11:41;18
Insumo;PIMENTÃO;kg;Saída;-0,0075;18/09/2023 11:41;18
Insumo;MOLHO TOMATE;kg;Saída;-0,045;18/09/2023 11:41;18
Insumo;MASSA PIZZA;kg;Saída;-0,22;18/09/2023 11:41;18
Insumo;MUSSARELA;kg;Saída;-0,155;18/09/2023 11:41;18
Insumo;LINGUIÇA CALABRESA;kg;Saída;-0,025;18/09/2023 11:41;18
Insumo;CEBOLA ROXA;kg;Saída;-0,0015;18/09/2023 11:41;18
Insumo;ORÉGANO;kg;Saída;-0,0005;18/09/2023 11:41;18
Insumo;CEBOLA;kg;Saída;-0,005;18/09/2023 11:41;18
Insumo;MOLHO TOMATE;kg;Saída;-0,045;18/09/2023 11:41;18
Insumo;MASSA PIZZA;kg;Saída;-0,22;18/09/2023 11:41;18
Insumo;MUSSARELA;kg;Saída;-0,155;18/09/2023 11:38;17
Insumo;CREAME CHEESE;kg;Saída;-0,03;18/09/2023 11:38;17
Insumo;PEITO DE PERU;kg;Saída;-0,06;18/09/2023 11:38;17
Insumo;ORÉGANO;kg;Saída;-0,0005;18/09/2023 11:38;17
Insumo;MOLHO TOMATE;kg;Saída;-0,045;18/09/2023 11:38;17
Insumo;MASSA PIZZA;kg;Saída;-0,22;18/09/2023 11:38;17
Insumo;MUSSARELA;kg;Saída;-0,155;18/09/2023 11:38;17
Insumo;AZEITONA PRETA;kg;Saída;-0,005;18/09/2023 11:38;17
Insumo;CHAMPIGNON;kg;Saída;-0,01;18/09/2023 11:38;17
Insumo;PRESUNTO;kg;Saída;-0,04;18/09/2023 11:38;17
Insumo;ORÉGANO;kg;Saída;-0,0005;18/09/2023 11:38;17
Insumo;MOLHO TOMATE;kg;Saída;-0,045;18/09/2023 11:38;17
Insumo;MASSA PIZZA;kg;Saída;-0,22;18/09/2023 11:38;17
Insumo;MUSSARELA;kg;Saída;-0,155;18/09/2023 11:35;16
Insumo;REQUEIJÃO CREMOSO;kg;Saída;-0,015;18/09/2023 11:35;16
Insumo;BACON;kg;Saída;-0,03;18/09/2023 11:35;16
Insumo;ORÉGANO;kg;Saída;-0,0005;18/09/2023 11:35;16
Insumo;MOLHO TOMATE;kg;Saída;-0,045;18/09/2023 11:35;16
Insumo;MASSA PIZZA;kg;Saída;-0,22;18/09/2023 11:35;16
Insumo;MUSSARELA;kg;Saída;-0,155;18/09/2023 11:35;16
Insumo;PEITO DE PERU;kg;Saída;-0,06;18/09/2023 11:35;16
Insumo;ORÉGANO;kg;Saída;-0,0005;18/09/2023 11:35;16
Insumo;MOLHO TOMATE;kg;Saída;-0,045;18/09/2023 11:35;16
Insumo;MASSA PIZZA;kg;Saída;-0,22;18/09/2023 11:35;16
Insumo;TOMATE SECO;kg;Saída;-0,005;18/09/2023 11:35;16
Insumo;MUSSARELA;kg;Saída;-0,155;18/09/2023 11:28;15
Insumo;TOMATE SALADA;kg;Saída;-0,015;18/09/2023 11:28;15
Insumo;ORÉGANO;kg;Saída;-0,0005;18/09/2023 11:28;15
Insumo;MOLHO TOMATE;kg;Saída;-0,045;18/09/2023 11:28;15
Insumo;MASSA PIZZA;kg;Saída;-0,22;18/09/2023 11:28;15
Insumo;MANJERICÃO FRESCO;kg;Saída;-0,0005;18/09/2023 11:28;15
Insumo;CREAME CHEESE;kg;Saída;-0,02;18/09/2023 09:39;14
Insumo;MASSA PIZZA;kg;Saída;-0,08;18/09/2023 09:39;14
Insumo;GOIABADA;kg;Saída;-0,02;18/09/2023 09:39;14
Insumo;MUSSARELA;kg;Saída;-0,155;18/09/2023 09:37;14
Insumo;AZEITONA PRETA;kg;Saída;-0,0075;18/09/2023 09:37;14
Insumo;PRESUNTO;kg;Saída;-0,025;18/09/2023 09:37;14
Insumo;LINGUIÇA CALABRESA;kg;Saída;-0,03;18/09/2023 09:37;14
Insumo;CEBOLA ROXA;kg;Saída;-0,005;18/09/2023 09:37;14
Insumo;ORÉGANO;kg;Saída;-0,0005;18/09/2023 09:37;14
Insumo;CEBOLA;kg;Saída;-0,0075;18/09/2023 09:37;14
Insumo;PIMENTÃO;kg;Saída;-0,0075;18/09/2023 09:37;14
Insumo;MOLHO TOMATE;kg;Saída;-0,045;18/09/2023 09:37;14
Insumo;MASSA PIZZA;kg;Saída;-0,22;18/09/2023 09:37;14
Insumo;MUSSARELA;kg;Saída;-0,155;18/09/2023 09:37;14
Insumo;TOMATE SALADA;kg;Saída;-0,015;18/09/2023 09:37;14
Insumo;ORÉGANO;kg;Saída;-0,0005;18/09/2023 09:37;14
Insumo;MOLHO TOMATE;kg;Saída;-0,045;18/09/2023 09:37;14
Insumo;MASSA PIZZA;kg;Saída;-0,22;18/09/2023 09:37;14
Insumo;MANJERICÃO FRESCO;kg;Saída;-0,0005;18/09/2023 09:37;14
Insumo;CREAME CHEESE;kg;Saída;-0,2;18/09/2023 09:37;14
Insumo;MUSSARELA;kg;Saída;-0,09;17/09/2023 20:59;11
Insumo;REQUEIJÃO CREMOSO;kg;Saída;-0,01;17/09/2023 20:59;11
Insumo;BACON;kg;Saída;-0,02;17/09/2023 20:59;11
Insumo;ORÉGANO;kg;Saída;-0,0005;17/09/2023 20:59;11
Insumo;MOLHO TOMATE;kg;Saída;-0,02;17/09/2023 20:59;11
Insumo;MASSA PIZZA;kg;Saída;-0,13;17/09/2023 20:59;11
Insumo;MUSSARELA;kg;Saída;-0,09;17/09/2023 20:59;11
Insumo;AZEITONA PRETA;kg;Saída;-0,005;17/09/2023 20:59;11
Insumo;PRESUNTO;kg;Saída;-0,015;17/09/2023 20:59;11
Insumo;LINGUIÇA CALABRESA;kg;Saída;-0,02;17/09/2023 20:59;11
Insumo;CEBOLA ROXA;kg;Saída;-0,0025;17/09/2023 20:59;11
Insumo;ORÉGANO;kg;Saída;-0,0005;17/09/2023 20:59;11
Insumo;CEBOLA;kg;Saída;-0,005;17/09/2023 20:59;11
Insumo;PIMENTÃO;kg;Saída;-0,005;17/09/2023 20:59;11
Insumo;MOLHO TOMATE;kg;Saída;-0,02;17/09/2023 20:59;11
Insumo;MASSA PIZZA;kg;Saída;-0,13;17/09/2023 20:59;11
Insumo;CHOCOLATE AO LEITE;kg;Saída;-0,024;17/09/2023 20:42;10
Insumo;MASSA PIZZA;kg;Saída;-0,04;17/09/2023 20:42;10
Insumo;MUSSARELA;kg;Saída;-0,09;17/09/2023 20:42;10
Insumo;CREAME CHEESE;kg;Saída;-0,02;17/09/2023 20:42;10
Insumo;PEITO DE PERU;kg;Saída;-0,04;17/09/2023 20:42;10
Insumo;ORÉGANO;kg;Saída;-0,0005;17/09/2023 20:42;10
Insumo;MOLHO TOMATE;kg;Saída;-0,02;17/09/2023 20:42;10
Insumo;MASSA PIZZA;kg;Saída;-0,13;17/09/2023 20:42;10
Insumo;MUSSARELA;kg;Saída;-0,09;17/09/2023 20:42;10
Insumo;GORGONZOLA;kg;Saída;-0,005;17/09/2023 20:42;10
Insumo;ORÉGANO;kg;Saída;-0,0005;17/09/2023 20:42;10
Insumo;MOLHO TOMATE;kg;Saída;-0,03;17/09/2023 20:42;10
Insumo;MASSA PIZZA;kg;Saída;-0,13;17/09/2023 20:42;10
Insumo;MISTURA 4 QUEIJOS;kg;Saída;-0,03;17/09/2023 20:42;10
Insumo;MUSSARELA;kg;Saída;-0,36;16/09/2023 21:56;9
Insumo;LINGUIÇA CALABRESA;kg;Saída;-0,06;16/09/2023 21:56;9
Insumo;CEBOLA ROXA;kg;Saída;-0,004;16/09/2023 21:56;9
Insumo;ORÉGANO;kg;Saída;-0,002;16/09/2023 21:56;9
Insumo;CEBOLA;kg;Saída;-0,012;16/09/2023 21:56;9
Insumo;MOLHO TOMATE;kg;Saída;-0,08;16/09/2023 21:56;9
Insumo;MASSA PIZZA;kg;Saída;-0,52;16/09/2023 21:56;9
Insumo;MUSSARELA;kg;Saída;-0,18;16/09/2023 21:54;7
Insumo;LINGUIÇA CALABRESA;kg;Saída;-0,03;16/09/2023 21:54;7
Insumo;CEBOLA ROXA;kg;Saída;-0,002;16/09/2023 21:54;7
Insumo;ORÉGANO;kg;Saída;-0,001;16/09/2023 21:54;7
Insumo;CEBOLA;kg;Saída;-0,006;16/09/2023 21:54;7
Insumo;MOLHO TOMATE;kg;Saída;-0,04;16/09/2023 21:54;7
Insumo;MASSA PIZZA;kg;Saída;-0,26;16/09/2023 21:54;7
Insumo;MUSSARELA;kg;Saída;-0,18;16/09/2023 21:51;6
Insumo;GORGONZOLA;kg;Saída;-0,01;16/09/2023 21:51;6
Insumo;ORÉGANO;kg;Saída;-0,001;16/09/2023 21:51;6
Insumo;MOLHO TOMATE;kg;Saída;-0,06;16/09/2023 21:51;6
Insumo;MASSA PIZZA;kg;Saída;-0,26;16/09/2023 21:51;6
Insumo;MISTURA 4 QUEIJOS;kg;Saída;-0,06;16/09/2023 21:51;6
Insumo;CREAME CHEESE;kg;Saída;-0,02;16/09/2023 20:43;4
Insumo;MASSA PIZZA;kg;Saída;-0,08;16/09/2023 20:43;4
Insumo;GOIABADA;kg;Saída;-0,02;16/09/2023 20:43;4
Insumo;CHOCOLATE BRANCO;kg;Saída;-0,024;16/09/2023 20:42;4
Insumo;MASSA PIZZA;kg;Saída;-0,04;16/09/2023 20:42;4
Insumo;CREAME CHEESE;kg;Saída;-0,01;16/09/2023 20:42;4
Insumo;MASSA PIZZA;kg;Saída;-0,04;16/09/2023 20:42;4
Insumo;GOIABADA;kg;Saída;-0,01;16/09/2023 20:42;4
Insumo;MASSA PIZZA;kg;Saída;-0,08;16/09/2023 20:42;4
Insumo;DOCE DE LEITE;kg;Saída;-0,08;16/09/2023 20:42;4
Insumo;MUSSARELA;kg;Saída;-0,155;16/09/2023 20:41;4
Insumo;REQUEIJÃO CREMOSO;kg;Saída;-0,015;16/09/2023 20:41;4
Insumo;BACON;kg;Saída;-0,03;16/09/2023 20:41;4
Insumo;ORÉGANO;kg;Saída;-0,0005;16/09/2023 20:41;4
Insumo;MOLHO TOMATE;kg;Saída;-0,045;16/09/2023 20:41;4
Insumo;MASSA PIZZA;kg;Saída;-0,22;16/09/2023 20:41;4
Insumo;MUSSARELA;kg;Saída;-0,155;16/09/2023 20:41;4
Insumo;PEPPERONI;kg;Saída;-0,045;16/09/2023 20:41;4
Insumo;ORÉGANO;kg;Saída;-0,0005;16/09/2023 20:41;4
Insumo;MOLHO TOMATE;kg;Saída;-0,045;16/09/2023 20:41;4
Insumo;MASSA PIZZA;kg;Saída;-0,22;16/09/2023 20:41;4
Insumo;MUSSARELA;kg;Saída;-0,155;16/09/2023 20:41;4
Insumo;GORGONZOLA;kg;Saída;-0,01;16/09/2023 20:41;4
Insumo;ORÉGANO;kg;Saída;-0,0005;16/09/2023 20:41;4
Insumo;MOLHO TOMATE;kg;Saída;-0,045;16/09/2023 20:41;4
Insumo;MASSA PIZZA;kg;Saída;-0,22;16/09/2023 20:41;4
Insumo;MISTURA 4 QUEIJOS;kg;Saída;-0,05;16/09/2023 20:41;4
Insumo;MUSSARELA;kg;Saída;-0,155;16/09/2023 20:41;4
Insumo;CREAME CHEESE;kg;Saída;-0,06;16/09/2023 20:41;4
Insumo;ORÉGANO;kg;Saída;-0,0005;16/09/2023 20:41;4
Insumo;MOLHO TOMATE;kg;Saída;-0,045;16/09/2023 20:41;4
Insumo;MASSA PIZZA;kg;Saída;-0,22;16/09/2023 20:41;4
Insumo;ALHO PORÓ;kg;Saída;-0,025;16/09/2023 20:41;4
Insumo;PIMENTA BIQUINHO;kg;Saída;-0,005;16/09/2023 20:41;4
Insumo;MUSSARELA;kg;Saída;-0,09;16/09/2023 19:17;3
Insumo;GORGONZOLA;kg;Saída;-0,005;16/09/2023 19:17;3
Insumo;ORÉGANO;kg;Saída;-0,0005;16/09/2023 19:17;3
Insumo;MOLHO TOMATE;kg;Saída;-0,03;16/09/2023 19:17;3
Insumo;MASSA PIZZA;kg;Saída;-0,13;16/09/2023 19:17;3
Insumo;MISTURA 4 QUEIJOS;kg;Saída;-0,03;16/09/2023 19:17;3
Insumo;MUSSARELA;kg;Saída;-0,09;16/09/2023 19:17;3
Insumo;CREAME CHEESE;kg;Saída;-0,02;16/09/2023 19:17;3
Insumo;PEITO DE PERU;kg;Saída;-0,04;16/09/2023 19:17;3
Insumo;ORÉGANO;kg;Saída;-0,0005;16/09/2023 19:17;3
Insumo;MOLHO TOMATE;kg;Saída;-0,02;16/09/2023 19:17;3
Insumo;MASSA PIZZA;kg;Saída;-0,13;16/09/2023 19:17;3
Insumo;MASSA PIZZA;kg;Saída;-0,13;16/09/2023 18:37;3
Insumo;MUSSARELA;kg;Saída;-0,09;16/09/2023 18:37;3
Insumo;AZEITONA PRETA;kg;Saída;-0,005;16/09/2023 18:37;3
Insumo;PRESUNTO;kg;Saída;-0,015;16/09/2023 18:37;3
Insumo;LINGUIÇA CALABRESA;kg;Saída;-0,02;16/09/2023 18:37;3
Insumo;CEBOLA ROXA;kg;Saída;-0,0025;16/09/2023 18:37;3
Insumo;ORÉGANO;kg;Saída;-0,0005;16/09/2023 18:37;3
Insumo;CEBOLA;kg;Saída;-0,005;16/09/2023 18:37;3
Insumo;PIMENTÃO;kg;Saída;-0,005;16/09/2023 18:37;3
Insumo;MOLHO TOMATE;kg;Saída;-0,02;16/09/2023 18:37;3
Insumo;MASSA PIZZA;kg;Saída;-0,13;16/09/2023 18:37;3
Insumo;MUSSARELA;kg;Saída;-0,09;16/09/2023 18:37;3
Insumo;TOMATE SALADA;kg;Saída;-0,0075;16/09/2023 18:37;3
Insumo;ORÉGANO;kg;Saída;-0,0005;16/09/2023 18:37;3
Insumo;MOLHO TOMATE;kg;Saída;-0,02;16/09/2023 18:37;3
Insumo;MASSA PIZZA;kg;Saída;-0,13;16/09/2023 18:37;3
Insumo;MANJERICÃO FRESCO;kg;Saída;-0,0005;16/09/2023 18:37;3
Insumo;MUSSARELA;kg;Saída;-0,09;16/09/2023 18:37;3
Insumo;LINGUIÇA CALABRESA;kg;Saída;-0,015;16/09/2023 18:37;3
Insumo;CEBOLA ROXA;kg;Saída;-0,001;16/09/2023 18:37;3
Insumo;ORÉGANO;kg;Saída;-0,0005;16/09/2023 18:37;3
Insumo;CEBOLA;kg;Saída;-0,003;16/09/2023 18:37;3
Insumo;MOLHO TOMATE;kg;Saída;-0,02;16/09/2023 18:37;3
Insumo;MASSA PIZZA;kg;Saída;-0,13;16/09/2023 18:37;3
Insumo;MUSSARELA;kg;Saída;-0,18;16/09/2023 18:36;3
Insumo;GORGONZOLA;kg;Saída;-0,01;16/09/2023 18:36;3
Insumo;ORÉGANO;kg;Saída;-0,001;16/09/2023 18:36;3
Insumo;MOLHO TOMATE;kg;Saída;-0,06;16/09/2023 18:36;3
Insumo;MASSA PIZZA;kg;Saída;-0,26;16/09/2023 18:36;3
Insumo;MISTURA 4 QUEIJOS;kg;Saída;-0,06;16/09/2023 18:36;3
Insumo;MUSSARELA;kg;Saída;-0,09;16/09/2023 18:27;3
Insumo;GORGONZOLA;kg;Saída;-0,005;16/09/2023 18:27;3
Insumo;ORÉGANO;kg;Saída;-0,0005;16/09/2023 18:27;3
Insumo;MOLHO TOMATE;kg;Saída;-0,03;16/09/2023 18:27;3
Insumo;MASSA PIZZA;kg;Saída;-0,13;16/09/2023 18:27;3
Insumo;MISTURA 4 QUEIJOS;kg;Saída;-0,03;16/09/2023 18:27;3
Insumo;MUSSARELA;kg;Saída;-0,09;16/09/2023 18:27;3
Insumo;AZEITONA PRETA;kg;Saída;-0,005;16/09/2023 18:27;3
Insumo;PRESUNTO;kg;Saída;-0,015;16/09/2023 18:27;3
Insumo;LINGUIÇA CALABRESA;kg;Saída;-0,02;16/09/2023 18:27;3
Insumo;CEBOLA ROXA;kg;Saída;-0,0025;16/09/2023 18:27;3
Insumo;ORÉGANO;kg;Saída;-0,0005;16/09/2023 18:27;3
Insumo;CEBOLA;kg;Saída;-0,005;16/09/2023 18:27;3
Insumo;PIMENTÃO;kg;Saída;-0,005;16/09/2023 18:27;3
Insumo;MOLHO TOMATE;kg;Saída;-0,02;16/09/2023 18:27;3
Insumo;MASSA PIZZA;kg;Saída;-0,13;16/09/2023 18:27;3
Insumo;MUSSARELA;kg;Saída;-0,18;16/09/2023 18:25;3
Insumo;AZEITONA PRETA;kg;Saída;-0,01;16/09/2023 18:25;3
Insumo;PRESUNTO;kg;Saída;-0,03;16/09/2023 18:25;3
Insumo;LINGUIÇA CALABRESA;kg;Saída;-0,04;16/09/2023 18:25;3
Insumo;CEBOLA ROXA;kg;Saída;-0,005;16/09/2023 18:25;3
Insumo;ORÉGANO;kg;Saída;-0,001;16/09/2023 18:25;3
Insumo;CEBOLA;kg;Saída;-0,01;16/09/2023 18:25;3
Insumo;PIMENTÃO;kg;Saída;-0,01;16/09/2023 18:25;3
Insumo;MOLHO TOMATE;kg;Saída;-0,04;16/09/2023 18:25;3
Insumo;MASSA PIZZA;kg;Saída;-0,26;16/09/2023 18:25;3
Insumo;MUSSARELA;kg;Saída;-0,09;16/09/2023 18:23;3
Insumo;GORGONZOLA;kg;Saída;-0,005;16/09/2023 18:23;3
Insumo;ORÉGANO;kg;Saída;-0,0005;16/09/2023 18:23;3
Insumo;MOLHO TOMATE;kg;Saída;-0,03;16/09/2023 18:23;3
Insumo;MASSA PIZZA;kg;Saída;-0,13;16/09/2023 18:23;3
Insumo;MISTURA 4 QUEIJOS;kg;Saída;-0,03;16/09/2023 18:23;3
Insumo;MUSSARELA;kg;Saída;-0,09;16/09/2023 18:23;3
Insumo;TOMATE SALADA;kg;Saída;-0,0075;16/09/2023 18:23;3
Insumo;ORÉGANO;kg;Saída;-0,0005;16/09/2023 18:23;3
Insumo;MOLHO TOMATE;kg;Saída;-0,02;16/09/2023 18:23;3
Insumo;MASSA PIZZA;kg;Saída;-0,13;16/09/2023 18:23;3
Insumo;MANJERICÃO FRESCO;kg;Saída;-0,0005;16/09/2023 18:23;3
Insumo;MASSA PIZZA;kg;Saída;-0,13;15/09/2023 20:12;2
Insumo;MUSSARELA;kg;Saída;-0,09;15/09/2023 20:12;2
Insumo;LINGUIÇA CALABRESA;kg;Saída;-0,015;15/09/2023 20:12;2
Insumo;CEBOLA ROXA;kg;Saída;-0,001;15/09/2023 20:12;2
Insumo;ORÉGANO;kg;Saída;-0,0005;15/09/2023 20:12;2
Insumo;CEBOLA;kg;Saída;-0,003;15/09/2023 20:12;2
Insumo;MOLHO TOMATE;kg;Saída;-0,02;15/09/2023 20:12;2
Insumo;MASSA PIZZA;kg;Saída;-0,13;15/09/2023 20:12;2
Insumo;MASSA PIZZA;kg;Saída;-0,13;15/09/2023 20:12;2
Insumo;MUSSARELA;kg;Saída;-0,09;15/09/2023 20:12;2
Insumo;LINGUIÇA CALABRESA;kg;Saída;-0,015;15/09/2023 20:12;2
Insumo;CEBOLA ROXA;kg;Saída;-0,001;15/09/2023 20:12;2
Insumo;ORÉGANO;kg;Saída;-0,0005;15/09/2023 20:12;2
Insumo;CEBOLA;kg;Saída;-0,003;15/09/2023 20:12;2
Insumo;MOLHO TOMATE;kg;Saída;-0,02;15/09/2023 20:12;2
Insumo;MASSA PIZZA;kg;Saída;-0,13;15/09/2023 20:12;2
Insumo;MUSSARELA;kg;Saída;-0,09;15/09/2023 10:31;1
Insumo;BACON;kg;Saída;-0,02;15/09/2023 10:31;1
Insumo;MOLHO TOMATE;kg;Saída;-0,02;15/09/2023 10:31;1
Insumo;MASSA PIZZA;kg;Saída;-0,13;15/09/2023 10:31;1
Insumo;MILHO;kg;Saída;-0,01;15/09/2023 10:31;1
Insumo;MUSSARELA;kg;Saída;-0,09;15/09/2023 10:31;1
Insumo;CREAME CHEESE;kg;Saída;-0,04;15/09/2023 10:31;1
Insumo;ORÉGANO;kg;Saída;-0,0005;15/09/2023 10:31;1
Insumo;MOLHO TOMATE;kg;Saída;-0,02;15/09/2023 10:31;1
Insumo;MASSA PIZZA;kg;Saída;-0,13;15/09/2023 10:31;1
Insumo;ALHO PORÓ;kg;Saída;-0,015;15/09/2023 10:31;1
Insumo;PIMENTA BIQUINHO;kg;Saída;-0,003;15/09/2023 10:31;1
Insumo;MUSSARELA;kg;Saída;-0,18;15/09/2023 10:31;1
Insumo;GORGONZOLA;kg;Saída;-0,01;15/09/2023 10:31;1
Insumo;ORÉGANO;kg;Saída;-0,001;15/09/2023 10:31;1
Insumo;MOLHO TOMATE;kg;Saída;-0,06;15/09/2023 10:31;1
Insumo;MASSA PIZZA;kg;Saída;-0,26;15/09/2023 10:31;1
Insumo;MISTURA 4 QUEIJOS;kg;Saída;-0,06;15/09/2023 10:31;1
Insumo;MUSSARELA;kg;Saída;-0,155;15/09/2023 10:31;1
Insumo;AZEITONA PRETA;kg;Saída;-0,0075;15/09/2023 10:31;1
Insumo;PRESUNTO;kg;Saída;-0,025;15/09/2023 10:31;1
Insumo;LINGUIÇA CALABRESA;kg;Saída;-0,03;15/09/2023 10:31;1
Insumo;CEBOLA ROXA;kg;Saída;-0,005;15/09/2023 10:31;1
Insumo;ORÉGANO;kg;Saída;-0,0005;15/09/2023 10:31;1
Insumo;CEBOLA;kg;Saída;-0,0075;15/09/2023 10:31;1
Insumo;PIMENTÃO;kg;Saída;-0,0075;15/09/2023 10:31;1
Insumo;MOLHO TOMATE;kg;Saída;-0,045;15/09/2023 10:31;1
Insumo;MASSA PIZZA;kg;Saída;-0,22;15/09/2023 10:31;1
Insumo;MUSSARELA;kg;Saída;-0,155;15/09/2023 10:31;1
Insumo;LINGUIÇA CALABRESA;kg;Saída;-0,025;15/09/2023 10:31;1
Insumo;CEBOLA ROXA;kg;Saída;-0,0015;15/09/2023 10:31;1
Insumo;ORÉGANO;kg;Saída;-0,0005;15/09/2023 10:31;1
Insumo;CEBOLA;kg;Saída;-0,005;15/09/2023 10:31;1
Insumo;MOLHO TOMATE;kg;Saída;-0,045;15/09/2023 10:31;1
Insumo;MASSA PIZZA;kg;Saída;-0,22;15/09/2023 10:31;1
